solar_year,lunar_year,festival,solar_date
2021,2020,除夕,2021-02-11
2020,2020,正月初一,2020-01-25
2020,2020,正月初二,2020-01-26
2020,2020,正月初三,2020-01-27
2020,2020,正月初四,2020-01-28
2020,2020,正月初五,2020-01-29
2020,2020,元宵,2020-02-08
2020,2020,端午,2020-06-25
2020,2020,七夕,2020-08-25
2020,2020,中元,2020-09-02
2020,2020,中秋,2020-10-01
2020,2020,重陽,2020-10-25
2020,2020,清明,2020-04-04
2020,2020,冬至,2020-12-21
2022,2021,除夕,2022-01-31
2021,2021,正月初一,2021-02-12
2021,2021,正月初二,2021-02-13
2021,2021,正月初三,2021-02-14
2021,2021,正月初四,2021-02-15
2021,2021,正月初五,2021-02-16
2021,2021,元宵,2021-02-26
2021,2021,端午,2021-06-14
2021,2021,七夕,2021-08-14
2021,2021,中元,2021-08-22
2021,2021,中秋,2021-09-21
2021,2021,重陽,2021-10-14
2021,2021,清明,2021-04-04
2021,2021,冬至,2021-12-21
2023,2022,除夕,2023-01-21
2022,2022,正月初一,2022-02-01
2022,2022,正月初二,2022-02-02
2022,2022,正月初三,2022-02-03
2022,2022,正月初四,2022-02-04
2022,2022,正月初五,2022-02-05
2022,2022,元宵,2022-02-15
2022,2022,端午,2022-06-03
2022,2022,七夕,2022-08-04
2022,2022,中元,2022-08-12
2022,2022,中秋,2022-09-10
2022,2022,重陽,2022-10-04
2022,2022,清明,2022-04-05
2022,2022,冬至,2022-12-22
2024,2023,除夕,2024-02-09
2023,2023,正月初一,2023-01-22
2023,2023,正月初二,2023-01-23
2023,2023,正月初三,2023-01-24
2023,2023,正月初四,2023-01-25
2023,2023,正月初五,2023-01-26
2023,2023,元宵,2023-02-05
2023,2023,端午,2023-06-22
2023,2023,七夕,2023-08-22
2023,2023,中元,2023-08-30
2023,2023,中秋,2023-09-29
2023,2023,重陽,2023-10-23
2023,2023,清明,2023-04-05
2023,2023,冬至,2023-12-22
2025,2024,除夕,2025-01-28
2024,2024,正月初一,2024-02-10
2024,2024,正月初二,2024-02-11
2024,2024,正月初三,2024-02-12
2024,2024,正月初四,2024-02-13
2024,2024,正月初五,2024-02-14
2024,2024,元宵,2024-02-24
2024,2024,端午,2024-06-10
2024,2024,七夕,2024-08-10
2024,2024,中元,2024-08-18
2024,2024,中秋,2024-09-17
2024,2024,重陽,2024-10-11
2024,2024,清明,2024-04-04
2024,2024,冬至,2024-12-21
2026,2025,除夕,2026-02-16
2025,2025,正月初一,2025-01-29
2025,2025,正月初二,2025-01-30
2025,2025,正月初三,2025-01-31
2025,2025,正月初四,2025-02-01
2025,2025,正月初五,2025-02-02
2025,2025,元宵,2025-02-12
2025,2025,端午,2025-05-31
2025,2025,七夕,2025-08-29
2025,2025,中元,2025-09-06
2025,2025,中秋,2025-10-06
2025,2025,重陽,2025-10-29
2025,2025,清明,2025-04-04
2025,2025,冬至,2025-12-21
2027,2026,除夕,2027-02-05
2026,2026,正月初一,2026-02-17
2026,2026,正月初二,2026-02-18
2026,2026,正月初三,2026-02-19
2026,2026,正月初四,2026-02-20
2026,2026,正月初五,2026-02-21
2026,2026,元宵,2026-03-03
2026,2026,端午,2026-06-19
2026,2026,七夕,2026-08-19
2026,2026,中元,2026-08-27
2026,2026,中秋,2026-09-25
2026,2026,重陽,2026-10-18
2026,2026,清明,2026-04-05
2026,2026,冬至,2026-12-22
2028,2027,除夕,2028-01-25
2027,2027,正月初一,2027-02-06
2027,2027,正月初二,2027-02-07
2027,2027,正月初三,2027-02-08
2027,2027,正月初四,2027-02-09
2027,2027,正月初五,2027-02-10
2027,2027,元宵,2027-02-20
2027,2027,端午,2027-06-09
2027,2027,七夕,2027-08-08
2027,2027,中元,2027-08-16
2027,2027,中秋,2027-09-15
2027,2027,重陽,2027-10-08
2027,2027,清明,2027-04-05
2027,2027,冬至,2027-12-22
2029,2028,除夕,2029-02-12
2028,2028,正月初一,2028-01-26
2028,2028,正月初二,2028-01-27
2028,2028,正月初三,2028-01-28
2028,2028,正月初四,2028-01-29
2028,2028,正月初五,2028-01-30
2028,2028,元宵,2028-02-09
2028,2028,端午,2028-05-28
2028,2028,七夕,2028-08-26
2028,2028,中元,2028-09-03
2028,2028,中秋,2028-10-03
2028,2028,重陽,2028-10-26
2028,2028,清明,2028-04-04
2028,2028,冬至,2028-12-21
2030,2029,除夕,2030-02-02
2029,2029,正月初一,2029-02-13
2029,2029,正月初二,2029-02-14
2029,2029,正月初三,2029-02-15
2029,2029,正月初四,2029-02-16
2029,2029,正月初五,2029-02-17
2029,2029,元宵,2029-02-27
2029,2029,端午,2029-06-16
2029,2029,七夕,2029-08-16
2029,2029,中元,2029-08-24
2029,2029,中秋,2029-09-22
2029,2029,重陽,2029-10-16
2029,2029,清明,2029-04-04
2029,2029,冬至,2029-12-21
2031,2030,除夕,2031-01-22
2030,2030,正月初一,2030-02-03
2030,2030,正月初二,2030-02-04
2030,2030,正月初三,2030-02-05
2030,2030,正月初四,2030-02-06
2030,2030,正月初五,2030-02-07
2030,2030,元宵,2030-02-17
2030,2030,端午,2030-06-05
2030,2030,七夕,2030-08-05
2030,2030,中元,2030-08-13
2030,2030,中秋,2030-09-12
2030,2030,重陽,2030-10-05
2030,2030,清明,2030-04-05
2030,2030,冬至,2030-12-22
2032,2031,除夕,2032-02-10
2031,2031,正月初一,2031-01-23
2031,2031,正月初二,2031-01-24
2031,2031,正月初三,2031-01-25
2031,2031,正月初四,2031-01-26
2031,2031,正月初五,2031-01-27
2031,2031,元宵,2031-02-06
2031,2031,端午,2031-06-24
2031,2031,七夕,2031-08-24
2031,2031,中元,2031-09-01
2031,2031,中秋,2031-10-01
2031,2031,重陽,2031-10-24
2031,2031,清明,2031-04-05
2031,2031,冬至,2031-12-22
2033,2032,除夕,2033-01-30
2032,2032,正月初一,2032-02-11
2032,2032,正月初二,2032-02-12
2032,2032,正月初三,2032-02-13
2032,2032,正月初四,2032-02-14
2032,2032,正月初五,2032-02-15
2032,2032,元宵,2032-02-25
2032,2032,端午,2032-06-12
2032,2032,七夕,2032-08-12
2032,2032,中元,2032-08-20
2032,2032,中秋,2032-09-19
2032,2032,重陽,2032-10-12
2032,2032,清明,2032-04-04
2032,2032,冬至,2032-12-21
2034,2033,除夕,2034-02-18
2033,2033,正月初一,2033-01-31
2033,2033,正月初二,2033-02-01
2033,2033,正月初三,2033-02-02
2033,2033,正月初四,2033-02-03
2033,2033,正月初五,2033-02-04
2033,2033,元宵,2033-02-14
2033,2033,端午,2033-06-01
2033,2033,七夕,2033-08-01
2033,2033,中元,2033-08-09
2033,2033,中秋,2033-09-08
2033,2033,重陽,2033-10-01
2033,2033,清明,2033-04-04
2033,2033,冬至,2033-12-21
2035,2034,除夕,2035-02-07
2034,2034,正月初一,2034-02-19
2034,2034,正月初二,2034-02-20
2034,2034,正月初三,2034-02-21
2034,2034,正月初四,2034-02-22
2034,2034,正月初五,2034-02-23
2034,2034,元宵,2034-03-05
2034,2034,端午,2034-06-20
2034,2034,七夕,2034-08-20
2034,2034,中元,2034-08-28
2034,2034,中秋,2034-09-27
2034,2034,重陽,2034-10-20
2034,2034,清明,2034-04-05
2034,2034,冬至,2034-12-22
2036,2035,除夕,2036-01-27
2035,2035,正月初一,2035-02-08
2035,2035,正月初二,2035-02-09
2035,2035,正月初三,2035-02-10
2035,2035,正月初四,2035-02-11
2035,2035,正月初五,2035-02-12
2035,2035,元宵,2035-02-22
2035,2035,端午,2035-06-10
2035,2035,七夕,2035-08-10
2035,2035,中元,2035-08-18
2035,2035,中秋,2035-09-16
2035,2035,重陽,2035-10-09
2035,2035,清明,2035-04-05
2035,2035,冬至,2035-12-22
2037,2036,除夕,2037-02-14
2036,2036,正月初一,2036-01-28
2036,2036,正月初二,2036-01-29
2036,2036,正月初三,2036-01-30
2036,2036,正月初四,2036-01-31
2036,2036,正月初五,2036-02-01
2036,2036,元宵,2036-02-11
2036,2036,端午,2036-05-30
2036,2036,七夕,2036-08-28
2036,2036,中元,2036-09-05
2036,2036,中秋,2036-10-04
2036,2036,重陽,2036-10-27
2036,2036,清明,2036-04-04
2036,2036,冬至,2036-12-21
2038,2037,除夕,2038-02-03
2037,2037,正月初一,2037-02-15
2037,2037,正月初二,2037-02-16
2037,2037,正月初三,2037-02-17
2037,2037,正月初四,2037-02-18
2037,2037,正月初五,2037-02-19
2037,2037,元宵,2037-03-01
2037,2037,端午,2037-06-18
2037,2037,七夕,2037-08-17
2037,2037,中元,2037-08-25
2037,2037,中秋,2037-09-24
2037,2037,重陽,2037-10-17
2037,2037,清明,2037-04-04
2037,2037,冬至,2037-12-21
2039,2038,除夕,2039-01-23
2038,2038,正月初一,2038-02-04
2038,2038,正月初二,2038-02-05
2038,2038,正月初三,2038-02-06
2038,2038,正月初四,2038-02-07
2038,2038,正月初五,2038-02-08
2038,2038,元宵,2038-02-18
2038,2038,端午,2038-06-07
2038,2038,七夕,2038-08-07
2038,2038,中元,2038-08-15
2038,2038,中秋,2038-09-13
2038,2038,重陽,2038-10-07
2038,2038,清明,2038-04-05
2038,2038,冬至,2038-12-22
2040,2039,除夕,2040-02-11
2039,2039,正月初一,2039-01-24
2039,2039,正月初二,2039-01-25
2039,2039,正月初三,2039-01-26
2039,2039,正月初四,2039-01-27
2039,2039,正月初五,2039-01-28
2039,2039,元宵,2039-02-07
2039,2039,端午,2039-05-27
2039,2039,七夕,2039-08-26
2039,2039,中元,2039-09-03
2039,2039,中秋,2039-10-02
2039,2039,重陽,2039-10-26
2039,2039,清明,2039-04-05
2039,2039,冬至,2039-12-22
2041,2040,除夕,2041-01-31
2040,2040,正月初一,2040-02-12
2040,2040,正月初二,2040-02-13
2040,2040,正月初三,2040-02-14
2040,2040,正月初四,2040-02-15
2040,2040,正月初五,2040-02-16
2040,2040,元宵,2040-02-26
2040,2040,端午,2040-06-14
2040,2040,七夕,2040-08-14
2040,2040,中元,2040-08-22
2040,2040,中秋,2040-09-20
2040,2040,重陽,2040-10-14
2040,2040,清明,2040-04-04
2040,2040,冬至,2040-12-21
