熱門網頁,點擊,曝光,點閱率,排名
https://mengwaba.com/trash/kaohsiung/fengshan/10876/,2,4,50%,5.75
https://mengwaba.com/trash/kaohsiung/zuoying/,1,30,3.33%,6.77
https://mengwaba.com/trash/kaohsiung/xinxing/,1,26,3.85%,5.65
https://mengwaba.com/trash/kaohsiung/nanzi/07010/,1,18,5.56%,5.67
https://mengwaba.com/trash/kaohsiung/qianzhen/08187/,1,16,6.25%,6.06
https://mengwaba.com/trash/kaohsiung/xiaogang/02438/,1,16,6.25%,6.62
https://mengwaba.com/trash/kaohsiung/fengshan/14904/,1,15,6.67%,6.33
https://mengwaba.com/trash/kaohsiung/sanmin/12124/,1,10,10%,5.5
https://mengwaba.com/trash/kaohsiung/sanmin/14495/,1,9,11.11%,6.11
https://mengwaba.com/trash/kaohsiung/nanzi/00008/,1,9,11.11%,16
https://mengwaba.com/trash/kaohsiung/sanmin/14466/,1,8,12.5%,5.38
https://mengwaba.com/trash/kaohsiung/daliao/04784/,1,7,14.29%,6.29
https://mengwaba.com/trash/kaohsiung/sanmin/11814/,1,7,14.29%,6.71
https://mengwaba.com/trash/kaohsiung/niaosong/17721/,1,7,14.29%,8.14
https://mengwaba.com/trash/kaohsiung/qianzhen/07621/,1,5,20%,6.8
https://mengwaba.com/trash/kaohsiung/sanmin/11784/,1,4,25%,6
https://mengwaba.com/trash/kaohsiung/sanmin/14060/,1,4,25%,8.25
https://mengwaba.com/trash/kaohsiung/meinong/06852/,1,4,25%,8.75
https://mengwaba.com/trash/kaohsiung/gangshan/13518/,1,4,25%,9.25
https://mengwaba.com/trash/kaohsiung/sanmin/10022/,1,3,33.33%,1.67
https://mengwaba.com/trash/kaohsiung/lingya/07791/,1,3,33.33%,3.33
https://mengwaba.com/trash/kaohsiung/sanmin/11851/,1,3,33.33%,4.33
https://mengwaba.com/trash/kaohsiung/sanmin/11926/,1,3,33.33%,5.33
https://mengwaba.com/trash/kaohsiung/sanmin/12196/,1,3,33.33%,5.67
https://mengwaba.com/trash/kaohsiung/sanmin/11922/,1,3,33.33%,7.33
https://mengwaba.com/trash/kaohsiung/fengshan/10770/,1,3,33.33%,7.67
https://mengwaba.com/trash/kaohsiung/qishan/03340/,1,2,50%,2
https://mengwaba.com/trash/kaohsiung/renwu/13088/,1,2,50%,2
https://mengwaba.com/trash/kaohsiung/fengshan/09443/,1,2,50%,2.5
https://mengwaba.com/trash/kaohsiung/niaosong/02761/,1,2,50%,3
https://mengwaba.com/trash/kaohsiung/xiaogang/02504/,1,2,50%,3
https://mengwaba.com/trash/kaohsiung/gushan/18586/,1,2,50%,3.5
https://mengwaba.com/trash/kaohsiung/nanzi/01544/,1,2,50%,4.5
https://mengwaba.com/trash/kaohsiung/sanmin/10044/,1,2,50%,6.5
https://mengwaba.com/trash/kaohsiung/sanmin/12088/,1,1,100%,4
https://mengwaba.com/trash/kaohsiung/renwu/11673/,1,1,100%,5
https://mengwaba.com/trash/kaohsiung/sanmin/11884/,1,1,100%,5
https://mengwaba.com/trash/kaohsiung/lingya/08093/,1,1,100%,6
https://mengwaba.com/trash/kaohsiung/zuoying/01875/,0,53,0%,2.64
https://mengwaba.com/trash/kaohsiung/nanzi/01407/,0,26,0%,15.42
https://mengwaba.com/trash/kaohsiung/renwu/12381/,0,21,0%,8.14
https://mengwaba.com/trash/kaohsiung/daliao/05454/,0,17,0%,6.76
https://mengwaba.com/trash/kaohsiung/qianzhen/04139/,0,17,0%,6.94
https://mengwaba.com/trash/kaohsiung/xiaogang/02223/,0,17,0%,9.29
https://mengwaba.com/trash/kaohsiung/luzhu/,0,14,0%,6.07
https://mengwaba.com/trash/kaohsiung/gushan/18637/,0,14,0%,8.29
https://mengwaba.com/trash/kaohsiung/renwu/12360/,0,14,0%,8.79
https://mengwaba.com/trash/kaohsiung/daliao/04660/,0,13,0%,9.77
https://mengwaba.com/trash/kaohsiung/nanzi/01568/,0,12,0%,5.58
https://mengwaba.com/trash/kaohsiung/sanmin/14030/,0,12,0%,6.75
https://mengwaba.com/trash/kaohsiung/sanmin/12028/,0,12,0%,6.92
https://mengwaba.com/trash/kaohsiung/qianzhen/08354/,0,12,0%,7.58
https://mengwaba.com/trash/kaohsiung/yancheng/16875/,0,12,0%,8.5
https://mengwaba.com/trash/kaohsiung/renwu/06417/,0,12,0%,8.92
https://mengwaba.com/trash/kaohsiung/nanzi/00117/,0,11,0%,7.45
https://mengwaba.com/trash/kaohsiung/nanzi/00136/,0,10,0%,8.5
https://mengwaba.com/trash/kaohsiung/lingya/08135/,0,10,0%,9.1
https://mengwaba.com/trash/kaohsiung/fengshan/10567/,0,10,0%,9.2
https://mengwaba.com/trash/kaohsiung/niaosong/17734/,0,10,0%,10.3
https://mengwaba.com/trash/kaohsiung/sanmin/12259/,0,9,0%,3.67
https://mengwaba.com/trash/kaohsiung/qianzhen/07606/,0,9,0%,3.89
https://mengwaba.com/trash/kaohsiung/qianzhen/04242/,0,9,0%,5.22
https://mengwaba.com/trash/kaohsiung/sanmin/14341/,0,9,0%,6
https://mengwaba.com/trash/kaohsiung/qianzhen/07456/,0,9,0%,6.11
https://mengwaba.com/trash/kaohsiung/sanmin/11807/,0,9,0%,6.33
https://mengwaba.com/trash/kaohsiung/sanmin/10232/,0,9,0%,6.44
https://mengwaba.com/trash/kaohsiung/alian/,0,9,0%,7.67
https://mengwaba.com/trash/kaohsiung/fengshan/12741/,0,9,0%,8
https://mengwaba.com/trash/kaohsiung/sanmin/12076/,0,9,0%,8.33
https://mengwaba.com/trash/kaohsiung/nanzi/01430/,0,8,0%,5.12
https://mengwaba.com/trash/kaohsiung/fengshan/10486/,0,8,0%,5.62
https://mengwaba.com/trash/kaohsiung/sanmin/14067/,0,8,0%,6
https://mengwaba.com/trash/kaohsiung/sanmin/12127/,0,8,0%,6.25
https://mengwaba.com/trash/kaohsiung/sanmin/14252/,0,8,0%,6.62
https://mengwaba.com/trash/kaohsiung/meinong/,0,8,0%,6.75
https://mengwaba.com/trash/kaohsiung/nanzi/07112/,0,8,0%,7
https://mengwaba.com/trash/kaohsiung/sanmin/11822/,0,8,0%,7.12
https://mengwaba.com/trash/kaohsiung/renwu/11570/,0,8,0%,7.38
https://mengwaba.com/trash/kaohsiung/sanmin/10020/,0,8,0%,7.38
https://mengwaba.com/trash/kaohsiung/xiaogang/02503/,0,8,0%,7.62
https://mengwaba.com/trash/kaohsiung/renwu/11217/,0,8,0%,8.62
https://mengwaba.com/trash/kaohsiung/gushan/18574/,0,8,0%,8.75
https://mengwaba.com/trash/kaohsiung/qiaotou/,0,8,0%,9.12
https://mengwaba.com/trash/kaohsiung/mituo/00427/,0,8,0%,9.62
https://mengwaba.com/trash/kaohsiung/renwu/06429/,0,8,0%,9.88
https://mengwaba.com/trash/kaohsiung/qianzhen/03892/,0,7,0%,5
https://mengwaba.com/trash/kaohsiung/xiaogang/02212/,0,7,0%,5.29
https://mengwaba.com/trash/kaohsiung/daliao/04692/,0,7,0%,6
https://mengwaba.com/trash/kaohsiung/xinxing/08491/,0,7,0%,6.71
https://mengwaba.com/trash/kaohsiung/xiaogang/02243/,0,7,0%,7
https://mengwaba.com/trash/kaohsiung/daliao/04414/,0,7,0%,7.29
https://mengwaba.com/trash/kaohsiung/fengshan/12790/,0,7,0%,7.43
https://mengwaba.com/trash/kaohsiung/gushan/18989/,0,7,0%,7.86
https://mengwaba.com/trash/kaohsiung/dashu/01254/,0,7,0%,8.14
https://mengwaba.com/trash/kaohsiung/renwu/12403/,0,7,0%,8.57
https://mengwaba.com/trash/kaohsiung/sanmin/14407/,0,7,0%,8.57
https://mengwaba.com/trash/kaohsiung/nanzi/00091/,0,7,0%,8.71
https://mengwaba.com/trash/kaohsiung/dashu/01264/,0,7,0%,8.86
https://mengwaba.com/trash/kaohsiung/fengshan/09638/,0,7,0%,8.86
https://mengwaba.com/trash/kaohsiung/fengshan/17467/,0,7,0%,8.86
https://mengwaba.com/trash/kaohsiung/sanmin/12225/,0,7,0%,8.86
https://mengwaba.com/trash/kaohsiung/sanmin/09959/,0,7,0%,9.29
https://mengwaba.com/trash/kaohsiung/renwu/11001/,0,7,0%,10
https://mengwaba.com/trash/kaohsiung/gushan/18891/,0,7,0%,15.71
https://mengwaba.com/trash/kaohsiung/sanmin/14215/,0,6,0%,3.17
https://mengwaba.com/trash/kaohsiung/sanmin/11872/,0,6,0%,4.5
https://mengwaba.com/trash/kaohsiung/sanmin/08372/,0,6,0%,4.67
https://mengwaba.com/trash/kaohsiung/sanmin/14221/,0,6,0%,5.67
https://mengwaba.com/trash/kaohsiung/renwu/11638/,0,6,0%,6
https://mengwaba.com/trash/kaohsiung/sanmin/11818/,0,6,0%,6.17
https://mengwaba.com/trash/kaohsiung/fengshan/10633/,0,6,0%,6.33
https://mengwaba.com/trash/kaohsiung/sanmin/09993/,0,6,0%,6.33
https://mengwaba.com/trash/kaohsiung/nanzi/01291/,0,6,0%,6.5
https://mengwaba.com/trash/kaohsiung/sanmin/09842/,0,6,0%,6.5
https://mengwaba.com/trash/kaohsiung/nanzi/07008/,0,6,0%,6.67
https://mengwaba.com/trash/kaohsiung/sanmin/11766/,0,6,0%,7
https://mengwaba.com/trash/kaohsiung/fengshan/15262/,0,6,0%,7.33
https://mengwaba.com/trash/kaohsiung/nanzi/00328/,0,6,0%,7.33
https://mengwaba.com/trash/kaohsiung/qianzhen/04136/,0,6,0%,7.33
https://mengwaba.com/trash/kaohsiung/sanmin/11754/,0,6,0%,7.33
https://mengwaba.com/trash/kaohsiung/renwu/13075/,0,6,0%,7.5
https://mengwaba.com/trash/kaohsiung/sanmin/14271/,0,6,0%,7.5
https://mengwaba.com/trash/kaohsiung/daliao/04631/,0,6,0%,7.67
https://mengwaba.com/trash/kaohsiung/fengshan/12803/,0,6,0%,7.67
https://mengwaba.com/trash/kaohsiung/renwu/11741/,0,6,0%,7.83
https://mengwaba.com/trash/kaohsiung/sanmin/09958/,0,6,0%,7.83
https://mengwaba.com/trash/kaohsiung/sanmin/12029/,0,6,0%,7.83
https://mengwaba.com/trash/kaohsiung/sanmin/09882/,0,6,0%,8
https://mengwaba.com/trash/kaohsiung/lingya/19020/,0,6,0%,8.17
https://mengwaba.com/trash/kaohsiung/gangshan/13464/,0,6,0%,8.33
https://mengwaba.com/trash/kaohsiung/nanzi/01663/,0,6,0%,8.33
https://mengwaba.com/trash/kaohsiung/xiaogang/02308/,0,6,0%,8.33
https://mengwaba.com/trash/kaohsiung/qianjin/17103/,0,6,0%,9.67
https://mengwaba.com/trash/kaohsiung/renwu/11195/,0,6,0%,9.83
https://mengwaba.com/trash/kaohsiung/nanzi/00139/,0,6,0%,10
https://mengwaba.com/trash/kaohsiung/sanmin/01134/,0,6,0%,10
https://mengwaba.com/trash/kaohsiung/renwu/11187/,0,6,0%,10.33
https://mengwaba.com/trash/kaohsiung/ziguan/15817/,0,6,0%,14.5
https://mengwaba.com/trash/kaohsiung/nanzi/00009/,0,6,0%,21
https://mengwaba.com/trash/kaohsiung/daliao/04588/,0,6,0%,31.67
https://mengwaba.com/trash/kaohsiung/sanmin/10032/,0,5,0%,2.6
https://mengwaba.com/trash/kaohsiung/fengshan/17589/,0,5,0%,3
https://mengwaba.com/trash/kaohsiung/sanmin/12233/,0,5,0%,3
https://mengwaba.com/trash/kaohsiung/sanmin/09872/,0,5,0%,3.4
https://mengwaba.com/trash/kaohsiung/sanmin/14105/,0,5,0%,3.8
https://mengwaba.com/trash/kaohsiung/daliao/04422/,0,5,0%,4.2
https://mengwaba.com/trash/kaohsiung/sanmin/14224/,0,5,0%,4.8
https://mengwaba.com/trash/kaohsiung/sanmin/12013/,0,5,0%,5
https://mengwaba.com/trash/kaohsiung/fengshan/10580/,0,5,0%,5.2
https://mengwaba.com/trash/kaohsiung/qianzhen/08188/,0,5,0%,5.2
https://mengwaba.com/trash/kaohsiung/nanzi/01355/,0,5,0%,5.6
https://mengwaba.com/trash/kaohsiung/renwu/11419/,0,5,0%,5.6
https://mengwaba.com/trash/kaohsiung/renwu/13135/,0,5,0%,5.6
https://mengwaba.com/trash/kaohsiung/sanmin/11955/,0,5,0%,5.6
https://mengwaba.com/trash/kaohsiung/zuoying/02088/,0,5,0%,5.6
https://mengwaba.com/trash/kaohsiung/sanmin/11929/,0,5,0%,6
https://mengwaba.com/trash/kaohsiung/sanmin/14170/,0,5,0%,6
https://mengwaba.com/trash/kaohsiung/sanmin/09828/,0,5,0%,6.2
https://mengwaba.com/trash/kaohsiung/sanmin/10124/,0,5,0%,6.2
https://mengwaba.com/trash/kaohsiung/sanmin/12042/,0,5,0%,6.2
https://mengwaba.com/trash/kaohsiung/sanmin/14049/,0,5,0%,6.2
https://mengwaba.com/trash/kaohsiung/fengshan/17565/,0,5,0%,6.4
https://mengwaba.com/trash/kaohsiung/sanmin/12036/,0,5,0%,6.4
https://mengwaba.com/trash/kaohsiung/sanmin/14479/,0,5,0%,6.4
https://mengwaba.com/trash/kaohsiung/gushan/18645/,0,5,0%,6.8
https://mengwaba.com/trash/kaohsiung/niaosong/02789/,0,5,0%,6.8
https://mengwaba.com/trash/kaohsiung/renwu/,0,5,0%,6.8
https://mengwaba.com/trash/kaohsiung/sanmin/14315/,0,5,0%,6.8
https://mengwaba.com/trash/kaohsiung/sanmin/12289/,0,5,0%,7
https://mengwaba.com/trash/kaohsiung/sanmin/11956/,0,5,0%,7.2
https://mengwaba.com/trash/kaohsiung/lingya/07858/,0,5,0%,7.4
https://mengwaba.com/trash/kaohsiung/sanmin/11791/,0,5,0%,7.4
https://mengwaba.com/trash/kaohsiung/sanmin/12146/,0,5,0%,7.4
https://mengwaba.com/trash/kaohsiung/xiaogang/02443/,0,5,0%,7.4
https://mengwaba.com/trash/kaohsiung/qianzhen/08335/,0,5,0%,7.6
https://mengwaba.com/trash/kaohsiung/sanmin/14211/,0,5,0%,7.6
https://mengwaba.com/trash/kaohsiung/fengshan/12998/,0,5,0%,7.8
https://mengwaba.com/trash/kaohsiung/sanmin/10091/,0,5,0%,7.8
https://mengwaba.com/trash/kaohsiung/sanmin/12005/,0,5,0%,7.8
https://mengwaba.com/trash/kaohsiung/daliao/05589/,0,5,0%,8.4
https://mengwaba.com/trash/kaohsiung/yongan/01166/,0,5,0%,8.4
https://mengwaba.com/trash/kaohsiung/alian/05033/,0,5,0%,8.6
https://mengwaba.com/trash/kaohsiung/qianzhen/04078/,0,5,0%,8.8
https://mengwaba.com/trash/kaohsiung/qishan/18510/,0,5,0%,8.8
https://mengwaba.com/trash/kaohsiung/cijin/,0,5,0%,9.8
https://mengwaba.com/trash/kaohsiung/sanmin/10215/,0,5,0%,10.8
https://mengwaba.com/trash/kaohsiung/nanzi/01492/,0,5,0%,14
https://mengwaba.com/trash/kaohsiung/alian/05135/,0,4,0%,3.5
https://mengwaba.com/trash/kaohsiung/sanmin/09799/,0,4,0%,3.75
https://mengwaba.com/trash/kaohsiung/nanzi/00188/,0,4,0%,4
https://mengwaba.com/trash/kaohsiung/qianzhen/04203/,0,4,0%,4.5
https://mengwaba.com/trash/kaohsiung/sanmin/09970/,0,4,0%,4.75
https://mengwaba.com/trash/kaohsiung/sanmin/10014/,0,4,0%,4.75
https://mengwaba.com/trash/kaohsiung/sanmin/10107/,0,4,0%,4.75
https://mengwaba.com/trash/kaohsiung/sanmin/11959/,0,4,0%,4.75
https://mengwaba.com/trash/kaohsiung/niaosong/02769/,0,4,0%,5
https://mengwaba.com/trash/kaohsiung/fengshan/17448/,0,4,0%,5.25
https://mengwaba.com/trash/kaohsiung/sanmin/10169/,0,4,0%,5.25
https://mengwaba.com/trash/kaohsiung/sanmin/10219/,0,4,0%,5.25
https://mengwaba.com/trash/kaohsiung/nanzi/01300/,0,4,0%,5.5
https://mengwaba.com/trash/kaohsiung/sanmin/11927/,0,4,0%,5.5
https://mengwaba.com/trash/kaohsiung/daliao/05495/,0,4,0%,5.75
https://mengwaba.com/trash/kaohsiung/nanzi/01273/,0,4,0%,5.75
https://mengwaba.com/trash/kaohsiung/qianzhen/08192/,0,4,0%,5.75
https://mengwaba.com/trash/kaohsiung/sanmin/09961/,0,4,0%,5.75
https://mengwaba.com/trash/kaohsiung/sanmin/10284/,0,4,0%,5.75
https://mengwaba.com/trash/kaohsiung/sanmin/11953/,0,4,0%,5.75
https://mengwaba.com/trash/kaohsiung/qianzhen/03918/,0,4,0%,6
https://mengwaba.com/trash/kaohsiung/renwu/06391/,0,4,0%,6
https://mengwaba.com/trash/kaohsiung/fengshan/12772/,0,4,0%,6.25
https://mengwaba.com/trash/kaohsiung/renwu/11150/,0,4,0%,6.25
https://mengwaba.com/trash/kaohsiung/xinxing/08532/,0,4,0%,6.25
https://mengwaba.com/trash/kaohsiung/zuoying/01728/,0,4,0%,6.25
https://mengwaba.com/trash/kaohsiung/zuoying/16662/,0,4,0%,6.25
https://mengwaba.com/trash/kaohsiung/nanzi/01541/,0,4,0%,6.5
https://mengwaba.com/trash/kaohsiung/renwu/11524/,0,4,0%,6.5
https://mengwaba.com/trash/kaohsiung/sanmin/14003/,0,4,0%,6.5
https://mengwaba.com/trash/kaohsiung/fengshan/10623/,0,4,0%,6.75
https://mengwaba.com/trash/kaohsiung/fengshan/17611/,0,4,0%,6.75
https://mengwaba.com/trash/kaohsiung/sanmin/10045/,0,4,0%,6.75
https://mengwaba.com/trash/kaohsiung/gangshan/13434/,0,4,0%,7
https://mengwaba.com/trash/kaohsiung/renwu/12371/,0,4,0%,7
https://mengwaba.com/trash/kaohsiung/sanmin/09932/,0,4,0%,7
https://mengwaba.com/trash/kaohsiung/sanmin/12132/,0,4,0%,7
https://mengwaba.com/trash/kaohsiung/sanmin/14171/,0,4,0%,7
https://mengwaba.com/trash/kaohsiung/fengshan/10502/,0,4,0%,7.25
https://mengwaba.com/trash/kaohsiung/fengshan/12712/,0,4,0%,7.25
https://mengwaba.com/trash/kaohsiung/fengshan/14947/,0,4,0%,7.5
https://mengwaba.com/trash/kaohsiung/lingya/08096/,0,4,0%,7.5
https://mengwaba.com/trash/kaohsiung/fengshan/10981/,0,4,0%,7.75
https://mengwaba.com/trash/kaohsiung/fengshan/12804/,0,4,0%,7.75
https://mengwaba.com/trash/kaohsiung/nanzi/00101/,0,4,0%,7.75
https://mengwaba.com/trash/kaohsiung/niaosong/17723/,0,4,0%,7.75
https://mengwaba.com/trash/kaohsiung/qianzhen/04122/,0,4,0%,7.75
https://mengwaba.com/trash/kaohsiung/sanmin/11803/,0,4,0%,7.75
https://mengwaba.com/trash/kaohsiung/sanmin/12119/,0,4,0%,7.75
https://mengwaba.com/trash/kaohsiung/fengshan/15177/,0,4,0%,8
https://mengwaba.com/trash/kaohsiung/nanzi/07080/,0,4,0%,8
https://mengwaba.com/trash/kaohsiung/renwu/11089/,0,4,0%,8
https://mengwaba.com/trash/kaohsiung/renwu/11715/,0,4,0%,8
https://mengwaba.com/trash/kaohsiung/sanmin/10160/,0,4,0%,8
https://mengwaba.com/trash/kaohsiung/fengshan/14876/,0,4,0%,8.25
https://mengwaba.com/trash/kaohsiung/daliao/04737/,0,4,0%,8.5
https://mengwaba.com/trash/kaohsiung/daliao/05756/,0,4,0%,8.5
https://mengwaba.com/trash/kaohsiung/fengshan/12686/,0,4,0%,8.5
https://mengwaba.com/trash/kaohsiung/fengshan/17496/,0,4,0%,8.5
https://mengwaba.com/trash/kaohsiung/renwu/11351/,0,4,0%,8.5
https://mengwaba.com/trash/kaohsiung/sanmin/09998/,0,4,0%,8.5
https://mengwaba.com/trash/kaohsiung/sanmin/14436/,0,4,0%,8.5
https://mengwaba.com/trash/kaohsiung/sanmin/12131/,0,4,0%,8.75
https://mengwaba.com/trash/kaohsiung/neimen/06188/,0,4,0%,9
https://mengwaba.com/trash/kaohsiung/qianzhen/04011/,0,4,0%,9
https://mengwaba.com/trash/kaohsiung/qianzhen/04073/,0,4,0%,9
https://mengwaba.com/trash/kaohsiung/qiaotou/17755/,0,4,0%,9.25
https://mengwaba.com/trash/kaohsiung/renwu/11238/,0,4,0%,9.25
https://mengwaba.com/trash/kaohsiung/gushan/18898/,0,4,0%,9.5
https://mengwaba.com/trash/kaohsiung/sanmin/14449/,0,4,0%,9.75
https://mengwaba.com/trash/kaohsiung/sanmin/14141/,0,4,0%,10
https://mengwaba.com/trash/kaohsiung/qieding/16340/,0,4,0%,10.25
https://mengwaba.com/trash/kaohsiung/renwu/06369/,0,4,0%,10.25
https://mengwaba.com/trash/kaohsiung/luzhu/18101/,0,4,0%,10.75
https://mengwaba.com/trash/kaohsiung/nanzi/01362/,0,4,0%,14
https://mengwaba.com/trash/kaohsiung/nanzi/00047/,0,4,0%,17
https://mengwaba.com/trash/kaohsiung/nanzi/01373/,0,4,0%,17.5
https://mengwaba.com/trash/kaohsiung/sanmin/10229/,0,3,0%,4
https://mengwaba.com/trash/kaohsiung/daliao/10302/,0,3,0%,4.33
https://mengwaba.com/trash/kaohsiung/qianzhen/04232/,0,3,0%,4.33
https://mengwaba.com/trash/kaohsiung/sanmin/09994/,0,3,0%,4.33
https://mengwaba.com/trash/kaohsiung/nanzi/00189/,0,3,0%,4.67
https://mengwaba.com/trash/kaohsiung/renwu/11680/,0,3,0%,4.67
https://mengwaba.com/trash/kaohsiung/cijin/17407/,0,3,0%,5
https://mengwaba.com/trash/kaohsiung/daliao/04479/,0,3,0%,5
https://mengwaba.com/trash/kaohsiung/fengshan/15321/,0,3,0%,5
https://mengwaba.com/trash/kaohsiung/qianzhen/03997/,0,3,0%,5
https://mengwaba.com/trash/kaohsiung/renwu/11046/,0,3,0%,5
https://mengwaba.com/trash/kaohsiung/sanmin/12109/,0,3,0%,5
https://mengwaba.com/trash/kaohsiung/sanmin/12174/,0,3,0%,5
https://mengwaba.com/trash/kaohsiung/fengshan/10909/,0,3,0%,5.33
https://mengwaba.com/trash/kaohsiung/fengshan/12517/,0,3,0%,5.33
https://mengwaba.com/trash/kaohsiung/nanzi/01482/,0,3,0%,5.33
https://mengwaba.com/trash/kaohsiung/renwu/11678/,0,3,0%,5.33
https://mengwaba.com/trash/kaohsiung/sanmin/14335/,0,3,0%,5.33
https://mengwaba.com/trash/kaohsiung/fengshan/09340/,0,3,0%,5.67
https://mengwaba.com/trash/kaohsiung/sanmin/12177/,0,3,0%,5.67
https://mengwaba.com/trash/kaohsiung/sanmin/14499/,0,3,0%,5.67
https://mengwaba.com/trash/kaohsiung/daliao/05610/,0,3,0%,6
https://mengwaba.com/trash/kaohsiung/fengshan/10746/,0,3,0%,6
https://mengwaba.com/trash/kaohsiung/fengshan/14891/,0,3,0%,6
https://mengwaba.com/trash/kaohsiung/hunei/13866/,0,3,0%,6
https://mengwaba.com/trash/kaohsiung/sanmin/09756/,0,3,0%,6
https://mengwaba.com/trash/kaohsiung/sanmin/09798/,0,3,0%,6
https://mengwaba.com/trash/kaohsiung/sanmin/09968/,0,3,0%,6
https://mengwaba.com/trash/kaohsiung/sanmin/10017/,0,3,0%,6
https://mengwaba.com/trash/kaohsiung/sanmin/10172/,0,3,0%,6
https://mengwaba.com/trash/kaohsiung/sanmin/14374/,0,3,0%,6
https://mengwaba.com/trash/kaohsiung/sanmin/14385/,0,3,0%,6
https://mengwaba.com/trash/kaohsiung/xiaogang/02241/,0,3,0%,6
https://mengwaba.com/trash/kaohsiung/daliao/00953/,0,3,0%,6.33
https://mengwaba.com/trash/kaohsiung/dashu/01238/,0,3,0%,6.33
https://mengwaba.com/trash/kaohsiung/gushan/18594/,0,3,0%,6.33
https://mengwaba.com/trash/kaohsiung/niaosong/03196/,0,3,0%,6.33
https://mengwaba.com/trash/kaohsiung/renwu/11183/,0,3,0%,6.33
https://mengwaba.com/trash/kaohsiung/sanmin/09752/,0,3,0%,6.33
https://mengwaba.com/trash/kaohsiung/sanmin/09967/,0,3,0%,6.33
https://mengwaba.com/trash/kaohsiung/sanmin/12185/,0,3,0%,6.33
https://mengwaba.com/trash/kaohsiung/sanmin/14209/,0,3,0%,6.33
https://mengwaba.com/trash/kaohsiung/gangshan/13527/,0,3,0%,6.67
https://mengwaba.com/trash/kaohsiung/lingya/08059/,0,3,0%,6.67
https://mengwaba.com/trash/kaohsiung/lingya/08142/,0,3,0%,6.67
https://mengwaba.com/trash/kaohsiung/renwu/00802/,0,3,0%,6.67
https://mengwaba.com/trash/kaohsiung/renwu/11125/,0,3,0%,6.67
https://mengwaba.com/trash/kaohsiung/renwu/12453/,0,3,0%,6.67
https://mengwaba.com/trash/kaohsiung/sanmin/09747/,0,3,0%,6.67
https://mengwaba.com/trash/kaohsiung/sanmin/09866/,0,3,0%,6.67
https://mengwaba.com/trash/kaohsiung/sanmin/10241/,0,3,0%,6.67
https://mengwaba.com/trash/kaohsiung/sanmin/11808/,0,3,0%,6.67
https://mengwaba.com/trash/kaohsiung/sanmin/11925/,0,3,0%,6.67
https://mengwaba.com/trash/kaohsiung/sanmin/14004/,0,3,0%,6.67
https://mengwaba.com/trash/kaohsiung/sanmin/14325/,0,3,0%,6.67
https://mengwaba.com/trash/kaohsiung/daliao/10408/,0,3,0%,7
https://mengwaba.com/trash/kaohsiung/renwu/01125/,0,3,0%,7
https://mengwaba.com/trash/kaohsiung/sanmin/09871/,0,3,0%,7
https://mengwaba.com/trash/kaohsiung/sanmin/14028/,0,3,0%,7
https://mengwaba.com/trash/kaohsiung/sanmin/14377/,0,3,0%,7
https://mengwaba.com/trash/kaohsiung/fengshan/09482/,0,3,0%,7.33
https://mengwaba.com/trash/kaohsiung/renwu/11669/,0,3,0%,7.33
https://mengwaba.com/trash/kaohsiung/renwu/12375/,0,3,0%,7.33
https://mengwaba.com/trash/kaohsiung/sanmin/09825/,0,3,0%,7.33
https://mengwaba.com/trash/kaohsiung/sanmin/12070/,0,3,0%,7.33
https://mengwaba.com/trash/kaohsiung/sanmin/14007/,0,3,0%,7.33
https://mengwaba.com/trash/kaohsiung/sanmin/14421/,0,3,0%,7.33
https://mengwaba.com/trash/kaohsiung/fengshan/10676/,0,3,0%,7.67
https://mengwaba.com/trash/kaohsiung/gangshan/13502/,0,3,0%,7.67
https://mengwaba.com/trash/kaohsiung/qishan/03282/,0,3,0%,7.67
https://mengwaba.com/trash/kaohsiung/renwu/00800/,0,3,0%,7.67
https://mengwaba.com/trash/kaohsiung/sanmin/12114/,0,3,0%,7.67
https://mengwaba.com/trash/kaohsiung/daliao/04371/,0,3,0%,8
https://mengwaba.com/trash/kaohsiung/meinong/06818/,0,3,0%,8
https://mengwaba.com/trash/kaohsiung/qieding/16339/,0,3,0%,8
https://mengwaba.com/trash/kaohsiung/sanmin/00772/,0,3,0%,8
https://mengwaba.com/trash/kaohsiung/sanmin/08375/,0,3,0%,8
https://mengwaba.com/trash/kaohsiung/sanmin/14392/,0,3,0%,8
https://mengwaba.com/trash/kaohsiung/qianzhen/04043/,0,3,0%,8.33
https://mengwaba.com/trash/kaohsiung/sanmin/12018/,0,3,0%,8.33
https://mengwaba.com/trash/kaohsiung/tianliao/13736/,0,3,0%,8.33
https://mengwaba.com/trash/kaohsiung/gushan/16798/,0,3,0%,8.67
https://mengwaba.com/trash/kaohsiung/renwu/06368/,0,3,0%,8.67
https://mengwaba.com/trash/kaohsiung/sanmin/10015/,0,3,0%,8.67
https://mengwaba.com/trash/kaohsiung/sanmin/10209/,0,3,0%,8.67
https://mengwaba.com/trash/kaohsiung/sanmin/12263/,0,3,0%,8.67
https://mengwaba.com/trash/kaohsiung/fengshan/17476/,0,3,0%,9
https://mengwaba.com/trash/kaohsiung/hunei/13774/,0,3,0%,9
https://mengwaba.com/trash/kaohsiung/meinong/05834/,0,3,0%,9
https://mengwaba.com/trash/kaohsiung/nanzi/00022/,0,3,0%,9
https://mengwaba.com/trash/kaohsiung/renwu/11606/,0,3,0%,9
https://mengwaba.com/trash/kaohsiung/renwu/12437/,0,3,0%,9.33
https://mengwaba.com/trash/kaohsiung/sanmin/14040/,0,3,0%,9.33
https://mengwaba.com/trash/kaohsiung/fengshan/10752/,0,3,0%,9.67
https://mengwaba.com/trash/kaohsiung/zuoying/01673/,0,3,0%,9.67
https://mengwaba.com/trash/kaohsiung/fengshan/00548/,0,3,0%,10
https://mengwaba.com/trash/kaohsiung/qianzhen/04274/,0,3,0%,10
https://mengwaba.com/trash/kaohsiung/qianzhen/08273/,0,3,0%,10
https://mengwaba.com/trash/kaohsiung/cijin/17284/,0,3,0%,10.33
https://mengwaba.com/trash/kaohsiung/daliao/00978/,0,3,0%,10.33
https://mengwaba.com/trash/kaohsiung/fengshan/17606/,0,3,0%,10.33
https://mengwaba.com/trash/kaohsiung/sanmin/10008/,0,3,0%,10.33
https://mengwaba.com/trash/kaohsiung/sanmin/12020/,0,3,0%,10.33
https://mengwaba.com/trash/kaohsiung/qiaotou/17949/,0,3,0%,10.67
https://mengwaba.com/trash/kaohsiung/yancheng/16938/,0,3,0%,11
https://mengwaba.com/trash/kaohsiung/daliao/00935/,0,3,0%,11.33
https://mengwaba.com/trash/kaohsiung/sanmin/09851/,0,3,0%,11.33
https://mengwaba.com/trash/kaohsiung/alian/06302/,0,3,0%,18
https://mengwaba.com/trash/kaohsiung/gangshan/13582/,0,3,0%,20.33
https://mengwaba.com/trash/kaohsiung/daliao/04741/,0,3,0%,22
https://mengwaba.com/trash/kaohsiung/gangshan/13435/,0,3,0%,34.67
https://mengwaba.com/trash/kaohsiung/gangshan/13608/,0,2,0%,2.5
https://mengwaba.com/trash/kaohsiung/renwu/06355/,0,2,0%,3
https://mengwaba.com/trash/kaohsiung/niaosong/02785/,0,2,0%,3.5
https://mengwaba.com/trash/kaohsiung/sanmin/09827/,0,2,0%,3.5
https://mengwaba.com/trash/kaohsiung/alian/05201/,0,2,0%,4
https://mengwaba.com/trash/kaohsiung/fengshan/17524/,0,2,0%,4
https://mengwaba.com/trash/kaohsiung/qianzhen/04090/,0,2,0%,4
https://mengwaba.com/trash/kaohsiung/qishan/03785/,0,2,0%,4
https://mengwaba.com/trash/kaohsiung/renwu/11446/,0,2,0%,4
https://mengwaba.com/trash/kaohsiung/renwu/13019/,0,2,0%,4
https://mengwaba.com/trash/kaohsiung/sanmin/09952/,0,2,0%,4
https://mengwaba.com/trash/kaohsiung/sanmin/14469/,0,2,0%,4
https://mengwaba.com/trash/kaohsiung/sanmin/14492/,0,2,0%,4
https://mengwaba.com/trash/kaohsiung/daliao/04550/,0,2,0%,4.5
https://mengwaba.com/trash/kaohsiung/qianzhen/04173/,0,2,0%,4.5
https://mengwaba.com/trash/kaohsiung/qiaotou/17795/,0,2,0%,4.5
https://mengwaba.com/trash/kaohsiung/sanmin/11950/,0,2,0%,4.5
https://mengwaba.com/trash/kaohsiung/nanzi/00169/,0,2,0%,5
https://mengwaba.com/trash/kaohsiung/niaosong/03071/,0,2,0%,5
https://mengwaba.com/trash/kaohsiung/niaosong/03207/,0,2,0%,5
https://mengwaba.com/trash/kaohsiung/qianzhen/03975/,0,2,0%,5
https://mengwaba.com/trash/kaohsiung/qianzhen/07522/,0,2,0%,5
https://mengwaba.com/trash/kaohsiung/qianzhen/08235/,0,2,0%,5
https://mengwaba.com/trash/kaohsiung/qishan/03436/,0,2,0%,5
https://mengwaba.com/trash/kaohsiung/renwu/11413/,0,2,0%,5
https://mengwaba.com/trash/kaohsiung/renwu/12435/,0,2,0%,5
https://mengwaba.com/trash/kaohsiung/renwu/13132/,0,2,0%,5
https://mengwaba.com/trash/kaohsiung/sanmin/09864/,0,2,0%,5
https://mengwaba.com/trash/kaohsiung/sanmin/10125/,0,2,0%,5
https://mengwaba.com/trash/kaohsiung/sanmin/10145/,0,2,0%,5
https://mengwaba.com/trash/kaohsiung/sanmin/12145/,0,2,0%,5
https://mengwaba.com/trash/kaohsiung/sanmin/14309/,0,2,0%,5
https://mengwaba.com/trash/kaohsiung/shanlin/07773/,0,2,0%,5
https://mengwaba.com/trash/kaohsiung/daliao/04569/,0,2,0%,5.5
https://mengwaba.com/trash/kaohsiung/fengshan/09444/,0,2,0%,5.5
https://mengwaba.com/trash/kaohsiung/fengshan/10882/,0,2,0%,5.5
https://mengwaba.com/trash/kaohsiung/fengshan/15365/,0,2,0%,5.5
https://mengwaba.com/trash/kaohsiung/gushan/18573/,0,2,0%,5.5
https://mengwaba.com/trash/kaohsiung/gushan/18784/,0,2,0%,5.5
https://mengwaba.com/trash/kaohsiung/nanzi/00352/,0,2,0%,5.5
https://mengwaba.com/trash/kaohsiung/qianzhen/08261/,0,2,0%,5.5
https://mengwaba.com/trash/kaohsiung/renwu/11082/,0,2,0%,5.5
https://mengwaba.com/trash/kaohsiung/renwu/11374/,0,2,0%,5.5
https://mengwaba.com/trash/kaohsiung/renwu/11399/,0,2,0%,5.5
https://mengwaba.com/trash/kaohsiung/sanmin/11887/,0,2,0%,5.5
https://mengwaba.com/trash/kaohsiung/sanmin/14232/,0,2,0%,5.5
https://mengwaba.com/trash/kaohsiung/sanmin/14269/,0,2,0%,5.5
https://mengwaba.com/trash/kaohsiung/sanmin/14331/,0,2,0%,5.5
https://mengwaba.com/trash/kaohsiung/xinxing/08414/,0,2,0%,5.5
https://mengwaba.com/trash/kaohsiung/ziguan/15633/,0,2,0%,5.5
https://mengwaba.com/trash/kaohsiung/zuoying/02000/,0,2,0%,5.5
https://mengwaba.com/trash/kaohsiung/zuoying/02155/,0,2,0%,5.5
https://mengwaba.com/trash/kaohsiung/daliao/00617/,0,2,0%,6
https://mengwaba.com/trash/kaohsiung/daliao/04577/,0,2,0%,6
https://mengwaba.com/trash/kaohsiung/daliao/10342/,0,2,0%,6
https://mengwaba.com/trash/kaohsiung/fengshan/12961/,0,2,0%,6
https://mengwaba.com/trash/kaohsiung/renwu/06349/,0,2,0%,6
https://mengwaba.com/trash/kaohsiung/renwu/11099/,0,2,0%,6
https://mengwaba.com/trash/kaohsiung/renwu/11254/,0,2,0%,6
https://mengwaba.com/trash/kaohsiung/renwu/11372/,0,2,0%,6
https://mengwaba.com/trash/kaohsiung/sanmin/09749/,0,2,0%,6
https://mengwaba.com/trash/kaohsiung/sanmin/09802/,0,2,0%,6
https://mengwaba.com/trash/kaohsiung/sanmin/12095/,0,2,0%,6
https://mengwaba.com/trash/kaohsiung/sanmin/14246/,0,2,0%,6
https://mengwaba.com/trash/kaohsiung/sanmin/14475/,0,2,0%,6
https://mengwaba.com/trash/kaohsiung/xiaogang/02190/,0,2,0%,6
https://mengwaba.com/trash/kaohsiung/xinxing/08435/,0,2,0%,6
https://mengwaba.com/trash/kaohsiung/yancheng/16914/,0,2,0%,6
https://mengwaba.com/trash/kaohsiung/alian/06340/,0,2,0%,6.5
https://mengwaba.com/trash/kaohsiung/fengshan/12548/,0,2,0%,6.5
https://mengwaba.com/trash/kaohsiung/fengshan/12736/,0,2,0%,6.5
https://mengwaba.com/trash/kaohsiung/linyuan/13339/,0,2,0%,6.5
https://mengwaba.com/trash/kaohsiung/nanzi/01367/,0,2,0%,6.5
https://mengwaba.com/trash/kaohsiung/qianzhen/01052/,0,2,0%,6.5
https://mengwaba.com/trash/kaohsiung/qianzhen/03902/,0,2,0%,6.5
https://mengwaba.com/trash/kaohsiung/qishan/05416/,0,2,0%,6.5
https://mengwaba.com/trash/kaohsiung/renwu/11317/,0,2,0%,6.5
https://mengwaba.com/trash/kaohsiung/renwu/11549/,0,2,0%,6.5
https://mengwaba.com/trash/kaohsiung/renwu/11659/,0,2,0%,6.5
https://mengwaba.com/trash/kaohsiung/renwu/13030/,0,2,0%,6.5
https://mengwaba.com/trash/kaohsiung/renwu/13079/,0,2,0%,6.5
https://mengwaba.com/trash/kaohsiung/sanmin/09873/,0,2,0%,6.5
https://mengwaba.com/trash/kaohsiung/sanmin/09881/,0,2,0%,6.5
https://mengwaba.com/trash/kaohsiung/sanmin/10224/,0,2,0%,6.5
https://mengwaba.com/trash/kaohsiung/sanmin/14045/,0,2,0%,6.5
https://mengwaba.com/trash/kaohsiung/zuoying/01101/,0,2,0%,6.5
https://mengwaba.com/trash/kaohsiung/daliao/04590/,0,2,0%,7
https://mengwaba.com/trash/kaohsiung/daliao/04688/,0,2,0%,7
https://mengwaba.com/trash/kaohsiung/daliao/05750/,0,2,0%,7
https://mengwaba.com/trash/kaohsiung/fengshan/14833/,0,2,0%,7
https://mengwaba.com/trash/kaohsiung/fengshan/14989/,0,2,0%,7
https://mengwaba.com/trash/kaohsiung/nanzi/00257/,0,2,0%,7
https://mengwaba.com/trash/kaohsiung/nanzi/01565/,0,2,0%,7
https://mengwaba.com/trash/kaohsiung/renwu/06441/,0,2,0%,7
https://mengwaba.com/trash/kaohsiung/renwu/11683/,0,2,0%,7
https://mengwaba.com/trash/kaohsiung/renwu/11702/,0,2,0%,7
https://mengwaba.com/trash/kaohsiung/renwu/12438/,0,2,0%,7
https://mengwaba.com/trash/kaohsiung/sanmin/10042/,0,2,0%,7
https://mengwaba.com/trash/kaohsiung/sanmin/10178/,0,2,0%,7
https://mengwaba.com/trash/kaohsiung/sanmin/12090/,0,2,0%,7
https://mengwaba.com/trash/kaohsiung/sanmin/12172/,0,2,0%,7
https://mengwaba.com/trash/kaohsiung/sanmin/13997/,0,2,0%,7
https://mengwaba.com/trash/kaohsiung/daliao/05594/,0,2,0%,7.5
https://mengwaba.com/trash/kaohsiung/fengshan/09712/,0,2,0%,7.5
https://mengwaba.com/trash/kaohsiung/gangshan/13714/,0,2,0%,7.5
https://mengwaba.com/trash/kaohsiung/niaosong/02889/,0,2,0%,7.5
https://mengwaba.com/trash/kaohsiung/qishan/01136/,0,2,0%,7.5
https://mengwaba.com/trash/kaohsiung/renwu/11509/,0,2,0%,7.5
https://mengwaba.com/trash/kaohsiung/renwu/13175/,0,2,0%,7.5
https://mengwaba.com/trash/kaohsiung/sanmin/09976/,0,2,0%,7.5
https://mengwaba.com/trash/kaohsiung/sanmin/10242/,0,2,0%,7.5
https://mengwaba.com/trash/kaohsiung/sanmin/14327/,0,2,0%,7.5
https://mengwaba.com/trash/kaohsiung/xiaogang/02313/,0,2,0%,7.5
https://mengwaba.com/trash/kaohsiung/xinxing/08489/,0,2,0%,7.5
https://mengwaba.com/trash/kaohsiung/fengshan/09258/,0,2,0%,8
https://mengwaba.com/trash/kaohsiung/fengshan/10879/,0,2,0%,8
https://mengwaba.com/trash/kaohsiung/fengshan/12788/,0,2,0%,8
https://mengwaba.com/trash/kaohsiung/qianzhen/00836/,0,2,0%,8
https://mengwaba.com/trash/kaohsiung/qianzhen/08300/,0,2,0%,8
https://mengwaba.com/trash/kaohsiung/renwu/06350/,0,2,0%,8
https://mengwaba.com/trash/kaohsiung/renwu/12329/,0,2,0%,8
https://mengwaba.com/trash/kaohsiung/renwu/12331/,0,2,0%,8
https://mengwaba.com/trash/kaohsiung/renwu/12432/,0,2,0%,8
https://mengwaba.com/trash/kaohsiung/sanmin/10039/,0,2,0%,8
https://mengwaba.com/trash/kaohsiung/sanmin/10060/,0,2,0%,8
https://mengwaba.com/trash/kaohsiung/sanmin/11931/,0,2,0%,8
https://mengwaba.com/trash/kaohsiung/sanmin/12027/,0,2,0%,8
https://mengwaba.com/trash/kaohsiung/sanmin/12055/,0,2,0%,8
https://mengwaba.com/trash/kaohsiung/sanmin/12167/,0,2,0%,8
https://mengwaba.com/trash/kaohsiung/sanmin/14073/,0,2,0%,8
https://mengwaba.com/trash/kaohsiung/sanmin/14174/,0,2,0%,8
https://mengwaba.com/trash/kaohsiung/sanmin/14304/,0,2,0%,8
https://mengwaba.com/trash/kaohsiung/sanmin/14314/,0,2,0%,8
https://mengwaba.com/trash/kaohsiung/sanmin/14332/,0,2,0%,8
https://mengwaba.com/trash/kaohsiung/shanlin/19037/,0,2,0%,8
https://mengwaba.com/trash/kaohsiung/xiaogang/02474/,0,2,0%,8
https://mengwaba.com/trash/kaohsiung/xinxing/08516/,0,2,0%,8
https://mengwaba.com/trash/kaohsiung/daliao/01076/,0,2,0%,8.5
https://mengwaba.com/trash/kaohsiung/daliao/05448/,0,2,0%,8.5
https://mengwaba.com/trash/kaohsiung/dashu/01261/,0,2,0%,8.5
https://mengwaba.com/trash/kaohsiung/fengshan/12621/,0,2,0%,8.5
https://mengwaba.com/trash/kaohsiung/gangshan/13437/,0,2,0%,8.5
https://mengwaba.com/trash/kaohsiung/gushan/18581/,0,2,0%,8.5
https://mengwaba.com/trash/kaohsiung/jiaxian/15452/,0,2,0%,8.5
https://mengwaba.com/trash/kaohsiung/qianzhen/04264/,0,2,0%,8.5
https://mengwaba.com/trash/kaohsiung/qiaotou/00827/,0,2,0%,8.5
https://mengwaba.com/trash/kaohsiung/qishan/03392/,0,2,0%,8.5
https://mengwaba.com/trash/kaohsiung/renwu/11016/,0,2,0%,8.5
https://mengwaba.com/trash/kaohsiung/renwu/11332/,0,2,0%,8.5
https://mengwaba.com/trash/kaohsiung/renwu/11728/,0,2,0%,8.5
https://mengwaba.com/trash/kaohsiung/sanmin/10119/,0,2,0%,8.5
https://mengwaba.com/trash/kaohsiung/sanmin/11852/,0,2,0%,8.5
https://mengwaba.com/trash/kaohsiung/sanmin/12242/,0,2,0%,8.5
https://mengwaba.com/trash/kaohsiung/sanmin/14350/,0,2,0%,8.5
https://mengwaba.com/trash/kaohsiung/fengshan/00646/,0,2,0%,9
https://mengwaba.com/trash/kaohsiung/niaosong/02795/,0,2,0%,9
https://mengwaba.com/trash/kaohsiung/niaosong/03096/,0,2,0%,9
https://mengwaba.com/trash/kaohsiung/qianzhen/04040/,0,2,0%,9
https://mengwaba.com/trash/kaohsiung/qishan/18231/,0,2,0%,9
https://mengwaba.com/trash/kaohsiung/renwu/11345/,0,2,0%,9
https://mengwaba.com/trash/kaohsiung/renwu/12324/,0,2,0%,9
https://mengwaba.com/trash/kaohsiung/sanmin/10089/,0,2,0%,9
https://mengwaba.com/trash/kaohsiung/sanmin/11793/,0,2,0%,9
https://mengwaba.com/trash/kaohsiung/sanmin/11930/,0,2,0%,9
https://mengwaba.com/trash/kaohsiung/sanmin/14188/,0,2,0%,9
https://mengwaba.com/trash/kaohsiung/dashu/01233/,0,2,0%,9.5
https://mengwaba.com/trash/kaohsiung/fengshan/08917/,0,2,0%,9.5
https://mengwaba.com/trash/kaohsiung/fengshan/09578/,0,2,0%,9.5
https://mengwaba.com/trash/kaohsiung/fengshan/10848/,0,2,0%,9.5
https://mengwaba.com/trash/kaohsiung/fengshan/14869/,0,2,0%,9.5
https://mengwaba.com/trash/kaohsiung/lingya/08151/,0,2,0%,9.5
https://mengwaba.com/trash/kaohsiung/liugui/06017/,0,2,0%,9.5
https://mengwaba.com/trash/kaohsiung/renwu/06389/,0,2,0%,9.5
https://mengwaba.com/trash/kaohsiung/renwu/11410/,0,2,0%,9.5
https://mengwaba.com/trash/kaohsiung/sanmin/11958/,0,2,0%,9.5
https://mengwaba.com/trash/kaohsiung/sanmin/12098/,0,2,0%,9.5
https://mengwaba.com/trash/kaohsiung/sanmin/12180/,0,2,0%,9.5
https://mengwaba.com/trash/kaohsiung/sanmin/14497/,0,2,0%,9.5
https://mengwaba.com/trash/kaohsiung/zuoying/02127/,0,2,0%,9.5
https://mengwaba.com/trash/kaohsiung/sanmin/10158/,0,2,0%,10
https://mengwaba.com/trash/kaohsiung/dashu/16144/,0,2,0%,10.5
https://mengwaba.com/trash/kaohsiung/nanzi/01527/,0,2,0%,10.5
https://mengwaba.com/trash/kaohsiung/qishan/18298/,0,2,0%,10.5
https://mengwaba.com/trash/kaohsiung/renwu/11315/,0,2,0%,10.5
https://mengwaba.com/trash/kaohsiung/alian/04944/,0,2,0%,11
https://mengwaba.com/trash/kaohsiung/alian/06330/,0,2,0%,11
https://mengwaba.com/trash/kaohsiung/fengshan/10855/,0,2,0%,11
https://mengwaba.com/trash/kaohsiung/qianzhen/07508/,0,2,0%,11
https://mengwaba.com/trash/kaohsiung/qianzhen/08353/,0,2,0%,11
https://mengwaba.com/trash/kaohsiung/renwu/11618/,0,2,0%,11
https://mengwaba.com/trash/kaohsiung/renwu/13067/,0,2,0%,11
https://mengwaba.com/trash/kaohsiung/sanmin/11843/,0,2,0%,11
https://mengwaba.com/trash/kaohsiung/renwu/13170/,0,2,0%,11.5
https://mengwaba.com/trash/kaohsiung/sanmin/12007/,0,2,0%,12
https://mengwaba.com/trash/kaohsiung/lingya/08761/,0,2,0%,12.5
https://mengwaba.com/trash/kaohsiung/renwu/12424/,0,2,0%,12.5
https://mengwaba.com/trash/kaohsiung/nanzi/01425/,0,2,0%,13.5
https://mengwaba.com/trash/kaohsiung/renwu/12378/,0,2,0%,14.5
https://mengwaba.com/trash/kaohsiung/zuoying/01830/,0,2,0%,15.5
https://mengwaba.com/trash/kaohsiung/renwu/11259/,0,2,0%,18
https://mengwaba.com/trash/kaohsiung/renwu/11607/,0,2,0%,18
https://mengwaba.com/trash/kaohsiung/meinong/05799/,0,2,0%,36.5
https://mengwaba.com/trash/kaohsiung/daliao/10388/,0,2,0%,37
https://mengwaba.com/trash/kaohsiung/ziguan/15883/,0,2,0%,43.5
https://mengwaba.com/trash/kaohsiung/daliao/10387/,0,2,0%,61
https://mengwaba.com/trash/kaohsiung/daliao/05711/,0,1,0%,2
https://mengwaba.com/trash/kaohsiung/daliao/09098/,0,1,0%,2
https://mengwaba.com/trash/kaohsiung/dashu/16216/,0,1,0%,2
https://mengwaba.com/trash/kaohsiung/fengshan/12566/,0,1,0%,2
https://mengwaba.com/trash/kaohsiung/lingya/07707/,0,1,0%,2
https://mengwaba.com/trash/kaohsiung/niaosong/02887/,0,1,0%,2
https://mengwaba.com/trash/kaohsiung/renwu/06426/,0,1,0%,2
https://mengwaba.com/trash/kaohsiung/renwu/11028/,0,1,0%,2
https://mengwaba.com/trash/kaohsiung/renwu/11258/,0,1,0%,2
https://mengwaba.com/trash/kaohsiung/renwu/13141/,0,1,0%,2
https://mengwaba.com/trash/kaohsiung/sanmin/10038/,0,1,0%,2
https://mengwaba.com/trash/kaohsiung/sanmin/10104/,0,1,0%,2
https://mengwaba.com/trash/kaohsiung/sanmin/10167/,0,1,0%,2
https://mengwaba.com/trash/kaohsiung/sanmin/11806/,0,1,0%,2
https://mengwaba.com/trash/kaohsiung/sanmin/12006/,0,1,0%,2
https://mengwaba.com/trash/kaohsiung/sanmin/14299/,0,1,0%,2
https://mengwaba.com/trash/kaohsiung/xinxing/08399/,0,1,0%,2
https://mengwaba.com/trash/kaohsiung/alian/05204/,0,1,0%,3
https://mengwaba.com/trash/kaohsiung/daliao/04844/,0,1,0%,3
https://mengwaba.com/trash/kaohsiung/lingya/08091/,0,1,0%,3
https://mengwaba.com/trash/kaohsiung/nanzi/00303/,0,1,0%,3
https://mengwaba.com/trash/kaohsiung/qianzhen/07559/,0,1,0%,3
https://mengwaba.com/trash/kaohsiung/renwu/06422/,0,1,0%,3
https://mengwaba.com/trash/kaohsiung/sanmin/09778/,0,1,0%,3
https://mengwaba.com/trash/kaohsiung/sanmin/09888/,0,1,0%,3
https://mengwaba.com/trash/kaohsiung/sanmin/09899/,0,1,0%,3
https://mengwaba.com/trash/kaohsiung/sanmin/09908/,0,1,0%,3
https://mengwaba.com/trash/kaohsiung/sanmin/09978/,0,1,0%,3
https://mengwaba.com/trash/kaohsiung/sanmin/10043/,0,1,0%,3
https://mengwaba.com/trash/kaohsiung/sanmin/10098/,0,1,0%,3
https://mengwaba.com/trash/kaohsiung/sanmin/10244/,0,1,0%,3
https://mengwaba.com/trash/kaohsiung/sanmin/14051/,0,1,0%,3
https://mengwaba.com/trash/kaohsiung/sanmin/14333/,0,1,0%,3
https://mengwaba.com/trash/kaohsiung/sanmin/14364/,0,1,0%,3
https://mengwaba.com/trash/kaohsiung/sanmin/14433/,0,1,0%,3
https://mengwaba.com/trash/kaohsiung/xiaogang/02439/,0,1,0%,3
https://mengwaba.com/trash/kaohsiung/alian/04905/,0,1,0%,4
https://mengwaba.com/trash/kaohsiung/alian/05000/,0,1,0%,4
https://mengwaba.com/trash/kaohsiung/cijin/17295/,0,1,0%,4
https://mengwaba.com/trash/kaohsiung/daliao/09062/,0,1,0%,4
https://mengwaba.com/trash/kaohsiung/fengshan/12965/,0,1,0%,4
https://mengwaba.com/trash/kaohsiung/gushan/18853/,0,1,0%,4
https://mengwaba.com/trash/kaohsiung/lingya/08111/,0,1,0%,4
https://mengwaba.com/trash/kaohsiung/meinong/06835/,0,1,0%,4
https://mengwaba.com/trash/kaohsiung/qianzhen/03872/,0,1,0%,4
https://mengwaba.com/trash/kaohsiung/qishan/03650/,0,1,0%,4
https://mengwaba.com/trash/kaohsiung/qishan/18355/,0,1,0%,4
https://mengwaba.com/trash/kaohsiung/renwu/11257/,0,1,0%,4
https://mengwaba.com/trash/kaohsiung/renwu/11298/,0,1,0%,4
https://mengwaba.com/trash/kaohsiung/renwu/11340/,0,1,0%,4
https://mengwaba.com/trash/kaohsiung/renwu/12392/,0,1,0%,4
https://mengwaba.com/trash/kaohsiung/renwu/12413/,0,1,0%,4
https://mengwaba.com/trash/kaohsiung/renwu/13116/,0,1,0%,4
https://mengwaba.com/trash/kaohsiung/sanmin/01263/,0,1,0%,4
https://mengwaba.com/trash/kaohsiung/sanmin/09807/,0,1,0%,4
https://mengwaba.com/trash/kaohsiung/sanmin/09898/,0,1,0%,4
https://mengwaba.com/trash/kaohsiung/sanmin/10094/,0,1,0%,4
https://mengwaba.com/trash/kaohsiung/sanmin/10149/,0,1,0%,4
https://mengwaba.com/trash/kaohsiung/sanmin/11781/,0,1,0%,4
https://mengwaba.com/trash/kaohsiung/sanmin/11943/,0,1,0%,4
https://mengwaba.com/trash/kaohsiung/sanmin/12016/,0,1,0%,4
https://mengwaba.com/trash/kaohsiung/sanmin/14024/,0,1,0%,4
https://mengwaba.com/trash/kaohsiung/sanmin/14288/,0,1,0%,4
https://mengwaba.com/trash/kaohsiung/sanmin/14399/,0,1,0%,4
https://mengwaba.com/trash/kaohsiung/zuoying/01716/,0,1,0%,4
https://mengwaba.com/trash/kaohsiung/daliao/04528/,0,1,0%,5
https://mengwaba.com/trash/kaohsiung/daliao/04583/,0,1,0%,5
https://mengwaba.com/trash/kaohsiung/fengshan/10490/,0,1,0%,5
https://mengwaba.com/trash/kaohsiung/gangshan/13672/,0,1,0%,5
https://mengwaba.com/trash/kaohsiung/gushan/16829/,0,1,0%,5
https://mengwaba.com/trash/kaohsiung/gushan/18751/,0,1,0%,5
https://mengwaba.com/trash/kaohsiung/gushan/18945/,0,1,0%,5
https://mengwaba.com/trash/kaohsiung/lingya/07785/,0,1,0%,5
https://mengwaba.com/trash/kaohsiung/lingya/07959/,0,1,0%,5
https://mengwaba.com/trash/kaohsiung/nanzi/00278/,0,1,0%,5
https://mengwaba.com/trash/kaohsiung/nanzi/06912/,0,1,0%,5
https://mengwaba.com/trash/kaohsiung/niaosong/02955/,0,1,0%,5
https://mengwaba.com/trash/kaohsiung/niaosong/02987/,0,1,0%,5
https://mengwaba.com/trash/kaohsiung/niaosong/17726/,0,1,0%,5
https://mengwaba.com/trash/kaohsiung/qiaotou/17785/,0,1,0%,5
https://mengwaba.com/trash/kaohsiung/renwu/06367/,0,1,0%,5
https://mengwaba.com/trash/kaohsiung/renwu/06401/,0,1,0%,5
https://mengwaba.com/trash/kaohsiung/renwu/11011/,0,1,0%,5
https://mengwaba.com/trash/kaohsiung/renwu/11397/,0,1,0%,5
https://mengwaba.com/trash/kaohsiung/renwu/11404/,0,1,0%,5
https://mengwaba.com/trash/kaohsiung/renwu/11711/,0,1,0%,5
https://mengwaba.com/trash/kaohsiung/renwu/12314/,0,1,0%,5
https://mengwaba.com/trash/kaohsiung/renwu/12410/,0,1,0%,5
https://mengwaba.com/trash/kaohsiung/renwu/13087/,0,1,0%,5
https://mengwaba.com/trash/kaohsiung/renwu/13144/,0,1,0%,5
https://mengwaba.com/trash/kaohsiung/sanmin/09918/,0,1,0%,5
https://mengwaba.com/trash/kaohsiung/sanmin/09974/,0,1,0%,5
https://mengwaba.com/trash/kaohsiung/sanmin/10059/,0,1,0%,5
https://mengwaba.com/trash/kaohsiung/sanmin/10088/,0,1,0%,5
https://mengwaba.com/trash/kaohsiung/sanmin/10152/,0,1,0%,5
https://mengwaba.com/trash/kaohsiung/sanmin/10191/,0,1,0%,5
https://mengwaba.com/trash/kaohsiung/sanmin/10235/,0,1,0%,5
https://mengwaba.com/trash/kaohsiung/sanmin/11833/,0,1,0%,5
https://mengwaba.com/trash/kaohsiung/sanmin/11853/,0,1,0%,5
https://mengwaba.com/trash/kaohsiung/sanmin/11874/,0,1,0%,5
https://mengwaba.com/trash/kaohsiung/sanmin/12023/,0,1,0%,5
https://mengwaba.com/trash/kaohsiung/sanmin/12086/,0,1,0%,5
https://mengwaba.com/trash/kaohsiung/sanmin/14015/,0,1,0%,5
https://mengwaba.com/trash/kaohsiung/sanmin/14058/,0,1,0%,5
https://mengwaba.com/trash/kaohsiung/sanmin/14237/,0,1,0%,5
https://mengwaba.com/trash/kaohsiung/sanmin/14270/,0,1,0%,5
https://mengwaba.com/trash/kaohsiung/sanmin/14363/,0,1,0%,5
https://mengwaba.com/trash/kaohsiung/sanmin/14454/,0,1,0%,5
https://mengwaba.com/trash/kaohsiung/sanmin/14460/,0,1,0%,5
https://mengwaba.com/trash/kaohsiung/sanmin/14491/,0,1,0%,5
https://mengwaba.com/trash/kaohsiung/shanlin/14771/,0,1,0%,5
https://mengwaba.com/trash/kaohsiung/xiaogang/02192/,0,1,0%,5
https://mengwaba.com/trash/kaohsiung/xiaogang/02306/,0,1,0%,5
https://mengwaba.com/trash/kaohsiung/alian/04981/,0,1,0%,6
https://mengwaba.com/trash/kaohsiung/daliao/04533/,0,1,0%,6
https://mengwaba.com/trash/kaohsiung/daliao/04596/,0,1,0%,6
https://mengwaba.com/trash/kaohsiung/daliao/04820/,0,1,0%,6
https://mengwaba.com/trash/kaohsiung/daliao/05547/,0,1,0%,6
https://mengwaba.com/trash/kaohsiung/daliao/10380/,0,1,0%,6
https://mengwaba.com/trash/kaohsiung/fengshan/09212/,0,1,0%,6
https://mengwaba.com/trash/kaohsiung/fengshan/10549/,0,1,0%,6
https://mengwaba.com/trash/kaohsiung/fengshan/12696/,0,1,0%,6
https://mengwaba.com/trash/kaohsiung/fengshan/12892/,0,1,0%,6
https://mengwaba.com/trash/kaohsiung/fengshan/17636/,0,1,0%,6
https://mengwaba.com/trash/kaohsiung/gangshan/13450/,0,1,0%,6
https://mengwaba.com/trash/kaohsiung/gushan/18836/,0,1,0%,6
https://mengwaba.com/trash/kaohsiung/jiaxian/15416/,0,1,0%,6
https://mengwaba.com/trash/kaohsiung/nanzi/00059/,0,1,0%,6
https://mengwaba.com/trash/kaohsiung/nanzi/07208/,0,1,0%,6
https://mengwaba.com/trash/kaohsiung/qianzhen/07554/,0,1,0%,6
https://mengwaba.com/trash/kaohsiung/qiaotou/17894/,0,1,0%,6
https://mengwaba.com/trash/kaohsiung/renwu/11061/,0,1,0%,6
https://mengwaba.com/trash/kaohsiung/renwu/11237/,0,1,0%,6
https://mengwaba.com/trash/kaohsiung/renwu/11510/,0,1,0%,6
https://mengwaba.com/trash/kaohsiung/renwu/11538/,0,1,0%,6
https://mengwaba.com/trash/kaohsiung/renwu/11599/,0,1,0%,6
https://mengwaba.com/trash/kaohsiung/renwu/11648/,0,1,0%,6
https://mengwaba.com/trash/kaohsiung/renwu/11698/,0,1,0%,6
https://mengwaba.com/trash/kaohsiung/renwu/11737/,0,1,0%,6
https://mengwaba.com/trash/kaohsiung/renwu/12352/,0,1,0%,6
https://mengwaba.com/trash/kaohsiung/sanmin/09808/,0,1,0%,6
https://mengwaba.com/trash/kaohsiung/sanmin/09962/,0,1,0%,6
https://mengwaba.com/trash/kaohsiung/sanmin/10011/,0,1,0%,6
https://mengwaba.com/trash/kaohsiung/sanmin/10049/,0,1,0%,6
https://mengwaba.com/trash/kaohsiung/sanmin/10266/,0,1,0%,6
https://mengwaba.com/trash/kaohsiung/sanmin/10267/,0,1,0%,6
https://mengwaba.com/trash/kaohsiung/sanmin/10286/,0,1,0%,6
https://mengwaba.com/trash/kaohsiung/sanmin/11893/,0,1,0%,6
https://mengwaba.com/trash/kaohsiung/sanmin/11936/,0,1,0%,6
https://mengwaba.com/trash/kaohsiung/sanmin/11944/,0,1,0%,6
https://mengwaba.com/trash/kaohsiung/sanmin/12009/,0,1,0%,6
https://mengwaba.com/trash/kaohsiung/sanmin/12031/,0,1,0%,6
https://mengwaba.com/trash/kaohsiung/sanmin/14042/,0,1,0%,6
https://mengwaba.com/trash/kaohsiung/sanmin/14386/,0,1,0%,6
https://mengwaba.com/trash/kaohsiung/sanmin/14396/,0,1,0%,6
https://mengwaba.com/trash/kaohsiung/shanlin/14762/,0,1,0%,6
https://mengwaba.com/trash/kaohsiung/tianliao/01126/,0,1,0%,6
https://mengwaba.com/trash/kaohsiung/ziguan/15706/,0,1,0%,6
https://mengwaba.com/trash/kaohsiung/zuoying/01694/,0,1,0%,6
https://mengwaba.com/trash/kaohsiung/alian/04901/,0,1,0%,7
https://mengwaba.com/trash/kaohsiung/fengshan/09558/,0,1,0%,7
https://mengwaba.com/trash/kaohsiung/fengshan/10600/,0,1,0%,7
https://mengwaba.com/trash/kaohsiung/fengshan/10672/,0,1,0%,7
https://mengwaba.com/trash/kaohsiung/gangshan/13415/,0,1,0%,7
https://mengwaba.com/trash/kaohsiung/gushan/16830/,0,1,0%,7
https://mengwaba.com/trash/kaohsiung/lingya/07784/,0,1,0%,7
https://mengwaba.com/trash/kaohsiung/meinong/06843/,0,1,0%,7
https://mengwaba.com/trash/kaohsiung/mituo/14610/,0,1,0%,7
https://mengwaba.com/trash/kaohsiung/niaosong/02773/,0,1,0%,7
https://mengwaba.com/trash/kaohsiung/qianzhen/04157/,0,1,0%,7
https://mengwaba.com/trash/kaohsiung/qianzhen/07549/,0,1,0%,7
https://mengwaba.com/trash/kaohsiung/qishan/03541/,0,1,0%,7
https://mengwaba.com/trash/kaohsiung/qishan/05401/,0,1,0%,7
https://mengwaba.com/trash/kaohsiung/qishan/05409/,0,1,0%,7
https://mengwaba.com/trash/kaohsiung/renwu/06359/,0,1,0%,7
https://mengwaba.com/trash/kaohsiung/renwu/06386/,0,1,0%,7
https://mengwaba.com/trash/kaohsiung/renwu/11017/,0,1,0%,7
https://mengwaba.com/trash/kaohsiung/renwu/11141/,0,1,0%,7
https://mengwaba.com/trash/kaohsiung/renwu/11477/,0,1,0%,7
https://mengwaba.com/trash/kaohsiung/renwu/11615/,0,1,0%,7
https://mengwaba.com/trash/kaohsiung/renwu/12444/,0,1,0%,7
https://mengwaba.com/trash/kaohsiung/renwu/12464/,0,1,0%,7
https://mengwaba.com/trash/kaohsiung/renwu/13139/,0,1,0%,7
https://mengwaba.com/trash/kaohsiung/renwu/13178/,0,1,0%,7
https://mengwaba.com/trash/kaohsiung/sanmin/09748/,0,1,0%,7
https://mengwaba.com/trash/kaohsiung/sanmin/09902/,0,1,0%,7
https://mengwaba.com/trash/kaohsiung/sanmin/09946/,0,1,0%,7
https://mengwaba.com/trash/kaohsiung/sanmin/10099/,0,1,0%,7
https://mengwaba.com/trash/kaohsiung/sanmin/10129/,0,1,0%,7
https://mengwaba.com/trash/kaohsiung/sanmin/10181/,0,1,0%,7
https://mengwaba.com/trash/kaohsiung/sanmin/11863/,0,1,0%,7
https://mengwaba.com/trash/kaohsiung/sanmin/11966/,0,1,0%,7
https://mengwaba.com/trash/kaohsiung/sanmin/12010/,0,1,0%,7
https://mengwaba.com/trash/kaohsiung/sanmin/12084/,0,1,0%,7
https://mengwaba.com/trash/kaohsiung/sanmin/12087/,0,1,0%,7
https://mengwaba.com/trash/kaohsiung/sanmin/12101/,0,1,0%,7
https://mengwaba.com/trash/kaohsiung/sanmin/14018/,0,1,0%,7
https://mengwaba.com/trash/kaohsiung/sanmin/14035/,0,1,0%,7
https://mengwaba.com/trash/kaohsiung/sanmin/14086/,0,1,0%,7
https://mengwaba.com/trash/kaohsiung/sanmin/14186/,0,1,0%,7
https://mengwaba.com/trash/kaohsiung/sanmin/14457/,0,1,0%,7
https://mengwaba.com/trash/kaohsiung/sanmin/14478/,0,1,0%,7
https://mengwaba.com/trash/kaohsiung/shanlin/14774/,0,1,0%,7
https://mengwaba.com/trash/kaohsiung/xiaogang/02452/,0,1,0%,7
https://mengwaba.com/trash/kaohsiung/xinxing/08571/,0,1,0%,7
https://mengwaba.com/trash/kaohsiung/xinxing/08584/,0,1,0%,7
https://mengwaba.com/trash/kaohsiung/xinxing/08618/,0,1,0%,7
https://mengwaba.com/trash/kaohsiung/ziguan/15645/,0,1,0%,7
https://mengwaba.com/trash/kaohsiung/daliao/05481/,0,1,0%,8
https://mengwaba.com/trash/kaohsiung/fengshan/09214/,0,1,0%,8
https://mengwaba.com/trash/kaohsiung/fengshan/10842/,0,1,0%,8
https://mengwaba.com/trash/kaohsiung/fengshan/10922/,0,1,0%,8
https://mengwaba.com/trash/kaohsiung/fengshan/15316/,0,1,0%,8
https://mengwaba.com/trash/kaohsiung/gangshan/13420/,0,1,0%,8
https://mengwaba.com/trash/kaohsiung/gushan/18606/,0,1,0%,8
https://mengwaba.com/trash/kaohsiung/jiaxian/15398/,0,1,0%,8
https://mengwaba.com/trash/kaohsiung/jiaxian/15507/,0,1,0%,8
https://mengwaba.com/trash/kaohsiung/liugui/06020/,0,1,0%,8
https://mengwaba.com/trash/kaohsiung/luzhu/18089/,0,1,0%,8
https://mengwaba.com/trash/kaohsiung/meinong/05828/,0,1,0%,8
https://mengwaba.com/trash/kaohsiung/nanzi/01446/,0,1,0%,8
https://mengwaba.com/trash/kaohsiung/nanzi/01517/,0,1,0%,8
https://mengwaba.com/trash/kaohsiung/niaosong/03258/,0,1,0%,8
https://mengwaba.com/trash/kaohsiung/qianzhen/04015/,0,1,0%,8
https://mengwaba.com/trash/kaohsiung/qianzhen/04086/,0,1,0%,8
https://mengwaba.com/trash/kaohsiung/qianzhen/07415/,0,1,0%,8
https://mengwaba.com/trash/kaohsiung/renwu/00416/,0,1,0%,8
https://mengwaba.com/trash/kaohsiung/renwu/00788/,0,1,0%,8
https://mengwaba.com/trash/kaohsiung/renwu/11172/,0,1,0%,8
https://mengwaba.com/trash/kaohsiung/renwu/11377/,0,1,0%,8
https://mengwaba.com/trash/kaohsiung/renwu/11421/,0,1,0%,8
https://mengwaba.com/trash/kaohsiung/renwu/11610/,0,1,0%,8
https://mengwaba.com/trash/kaohsiung/renwu/11707/,0,1,0%,8
https://mengwaba.com/trash/kaohsiung/renwu/13111/,0,1,0%,8
https://mengwaba.com/trash/kaohsiung/sanmin/09835/,0,1,0%,8
https://mengwaba.com/trash/kaohsiung/sanmin/09907/,0,1,0%,8
https://mengwaba.com/trash/kaohsiung/sanmin/09933/,0,1,0%,8
https://mengwaba.com/trash/kaohsiung/sanmin/10163/,0,1,0%,8
https://mengwaba.com/trash/kaohsiung/sanmin/11812/,0,1,0%,8
https://mengwaba.com/trash/kaohsiung/sanmin/11969/,0,1,0%,8
https://mengwaba.com/trash/kaohsiung/sanmin/12064/,0,1,0%,8
https://mengwaba.com/trash/kaohsiung/sanmin/12110/,0,1,0%,8
https://mengwaba.com/trash/kaohsiung/sanmin/14096/,0,1,0%,8
https://mengwaba.com/trash/kaohsiung/sanmin/14110/,0,1,0%,8
https://mengwaba.com/trash/kaohsiung/sanmin/14259/,0,1,0%,8
https://mengwaba.com/trash/kaohsiung/sanmin/14346/,0,1,0%,8
https://mengwaba.com/trash/kaohsiung/sanmin/14372/,0,1,0%,8
https://mengwaba.com/trash/kaohsiung/sanmin/14451/,0,1,0%,8
https://mengwaba.com/trash/kaohsiung/zuoying/02092/,0,1,0%,8
https://mengwaba.com/trash/kaohsiung/alian/04955/,0,1,0%,9
https://mengwaba.com/trash/kaohsiung/alian/04961/,0,1,0%,9
https://mengwaba.com/trash/kaohsiung/alian/05219/,0,1,0%,9
https://mengwaba.com/trash/kaohsiung/daliao/04618/,0,1,0%,9
https://mengwaba.com/trash/kaohsiung/daliao/04647/,0,1,0%,9
https://mengwaba.com/trash/kaohsiung/daliao/04738/,0,1,0%,9
https://mengwaba.com/trash/kaohsiung/fengshan/09528/,0,1,0%,9
https://mengwaba.com/trash/kaohsiung/fengshan/10675/,0,1,0%,9
https://mengwaba.com/trash/kaohsiung/fengshan/10765/,0,1,0%,9
https://mengwaba.com/trash/kaohsiung/fengshan/14907/,0,1,0%,9
https://mengwaba.com/trash/kaohsiung/fengshan/17554/,0,1,0%,9
https://mengwaba.com/trash/kaohsiung/gushan/18609/,0,1,0%,9
https://mengwaba.com/trash/kaohsiung/gushan/18858/,0,1,0%,9
https://mengwaba.com/trash/kaohsiung/meinong/05829/,0,1,0%,9
https://mengwaba.com/trash/kaohsiung/meinong/06821/,0,1,0%,9
https://mengwaba.com/trash/kaohsiung/meinong/06859/,0,1,0%,9
https://mengwaba.com/trash/kaohsiung/mituo/00449/,0,1,0%,9
https://mengwaba.com/trash/kaohsiung/nanzi/07038/,0,1,0%,9
https://mengwaba.com/trash/kaohsiung/niaosong/03161/,0,1,0%,9
https://mengwaba.com/trash/kaohsiung/qishan/03287/,0,1,0%,9
https://mengwaba.com/trash/kaohsiung/renwu/01133/,0,1,0%,9
https://mengwaba.com/trash/kaohsiung/renwu/11266/,0,1,0%,9
https://mengwaba.com/trash/kaohsiung/renwu/11327/,0,1,0%,9
https://mengwaba.com/trash/kaohsiung/renwu/13015/,0,1,0%,9
https://mengwaba.com/trash/kaohsiung/renwu/13097/,0,1,0%,9
https://mengwaba.com/trash/kaohsiung/sanmin/09823/,0,1,0%,9
https://mengwaba.com/trash/kaohsiung/sanmin/09948/,0,1,0%,9
https://mengwaba.com/trash/kaohsiung/sanmin/09975/,0,1,0%,9
https://mengwaba.com/trash/kaohsiung/sanmin/10040/,0,1,0%,9
https://mengwaba.com/trash/kaohsiung/sanmin/10096/,0,1,0%,9
https://mengwaba.com/trash/kaohsiung/sanmin/10186/,0,1,0%,9
https://mengwaba.com/trash/kaohsiung/sanmin/10227/,0,1,0%,9
https://mengwaba.com/trash/kaohsiung/sanmin/11860/,0,1,0%,9
https://mengwaba.com/trash/kaohsiung/sanmin/11933/,0,1,0%,9
https://mengwaba.com/trash/kaohsiung/sanmin/12113/,0,1,0%,9
https://mengwaba.com/trash/kaohsiung/sanmin/12154/,0,1,0%,9
https://mengwaba.com/trash/kaohsiung/sanmin/14169/,0,1,0%,9
https://mengwaba.com/trash/kaohsiung/sanmin/14489/,0,1,0%,9
https://mengwaba.com/trash/kaohsiung/alian/05054/,0,1,0%,10
https://mengwaba.com/trash/kaohsiung/alian/05200/,0,1,0%,10
https://mengwaba.com/trash/kaohsiung/cijin/17283/,0,1,0%,10
https://mengwaba.com/trash/kaohsiung/daliao/05450/,0,1,0%,10
https://mengwaba.com/trash/kaohsiung/daliao/09077/,0,1,0%,10
https://mengwaba.com/trash/kaohsiung/fengshan/00567/,0,1,0%,10
https://mengwaba.com/trash/kaohsiung/fengshan/00693/,0,1,0%,10
https://mengwaba.com/trash/kaohsiung/lingya/08854/,0,1,0%,10
https://mengwaba.com/trash/kaohsiung/liugui/06021/,0,1,0%,10
https://mengwaba.com/trash/kaohsiung/meinong/06693/,0,1,0%,10
https://mengwaba.com/trash/kaohsiung/meinong/06791/,0,1,0%,10
https://mengwaba.com/trash/kaohsiung/nanzi/00271/,0,1,0%,10
https://mengwaba.com/trash/kaohsiung/nanzi/01403/,0,1,0%,10
https://mengwaba.com/trash/kaohsiung/nanzi/06944/,0,1,0%,10
https://mengwaba.com/trash/kaohsiung/niaosong/02814/,0,1,0%,10
https://mengwaba.com/trash/kaohsiung/qianzhen/03969/,0,1,0%,10
https://mengwaba.com/trash/kaohsiung/qiaotou/17796/,0,1,0%,10
https://mengwaba.com/trash/kaohsiung/qishan/05412/,0,1,0%,10
https://mengwaba.com/trash/kaohsiung/renwu/11009/,0,1,0%,10
https://mengwaba.com/trash/kaohsiung/renwu/11088/,0,1,0%,10
https://mengwaba.com/trash/kaohsiung/renwu/11321/,0,1,0%,10
https://mengwaba.com/trash/kaohsiung/sanmin/09796/,0,1,0%,10
https://mengwaba.com/trash/kaohsiung/sanmin/09870/,0,1,0%,10
https://mengwaba.com/trash/kaohsiung/sanmin/09990/,0,1,0%,10
https://mengwaba.com/trash/kaohsiung/sanmin/10081/,0,1,0%,10
https://mengwaba.com/trash/kaohsiung/sanmin/10137/,0,1,0%,10
https://mengwaba.com/trash/kaohsiung/sanmin/10139/,0,1,0%,10
https://mengwaba.com/trash/kaohsiung/sanmin/10217/,0,1,0%,10
https://mengwaba.com/trash/kaohsiung/sanmin/10218/,0,1,0%,10
https://mengwaba.com/trash/kaohsiung/sanmin/11746/,0,1,0%,10
https://mengwaba.com/trash/kaohsiung/sanmin/11747/,0,1,0%,10
https://mengwaba.com/trash/kaohsiung/sanmin/11855/,0,1,0%,10
https://mengwaba.com/trash/kaohsiung/sanmin/11928/,0,1,0%,10
https://mengwaba.com/trash/kaohsiung/sanmin/11960/,0,1,0%,10
https://mengwaba.com/trash/kaohsiung/sanmin/12012/,0,1,0%,10
https://mengwaba.com/trash/kaohsiung/sanmin/12057/,0,1,0%,10
https://mengwaba.com/trash/kaohsiung/sanmin/12226/,0,1,0%,10
https://mengwaba.com/trash/kaohsiung/sanmin/14011/,0,1,0%,10
https://mengwaba.com/trash/kaohsiung/sanmin/14132/,0,1,0%,10
https://mengwaba.com/trash/kaohsiung/sanmin/14202/,0,1,0%,10
https://mengwaba.com/trash/kaohsiung/sanmin/14443/,0,1,0%,10
https://mengwaba.com/trash/kaohsiung/shanlin/14808/,0,1,0%,10
https://mengwaba.com/trash/kaohsiung/shanlin/19033/,0,1,0%,10
https://mengwaba.com/trash/kaohsiung/xinxing/08502/,0,1,0%,10
https://mengwaba.com/trash/kaohsiung/ziguan/,0,1,0%,10
https://mengwaba.com/trash/kaohsiung/ziguan/15962/,0,1,0%,10
https://mengwaba.com/trash/kaohsiung/cijin/17329/,0,1,0%,11
https://mengwaba.com/trash/kaohsiung/daliao/04774/,0,1,0%,11
https://mengwaba.com/trash/kaohsiung/daliao/09044/,0,1,0%,11
https://mengwaba.com/trash/kaohsiung/daliao/10389/,0,1,0%,11
https://mengwaba.com/trash/kaohsiung/gushan/18742/,0,1,0%,11
https://mengwaba.com/trash/kaohsiung/hunei/13939/,0,1,0%,11
https://mengwaba.com/trash/kaohsiung/renwu/00999/,0,1,0%,11
https://mengwaba.com/trash/kaohsiung/renwu/06342/,0,1,0%,11
https://mengwaba.com/trash/kaohsiung/renwu/11092/,0,1,0%,11
https://mengwaba.com/trash/kaohsiung/renwu/11169/,0,1,0%,11
https://mengwaba.com/trash/kaohsiung/renwu/11221/,0,1,0%,11
https://mengwaba.com/trash/kaohsiung/renwu/12337/,0,1,0%,11
https://mengwaba.com/trash/kaohsiung/renwu/13035/,0,1,0%,11
https://mengwaba.com/trash/kaohsiung/renwu/13086/,0,1,0%,11
https://mengwaba.com/trash/kaohsiung/renwu/13118/,0,1,0%,11
https://mengwaba.com/trash/kaohsiung/renwu/13154/,0,1,0%,11
https://mengwaba.com/trash/kaohsiung/sanmin/00773/,0,1,0%,11
https://mengwaba.com/trash/kaohsiung/sanmin/09868/,0,1,0%,11
https://mengwaba.com/trash/kaohsiung/sanmin/09897/,0,1,0%,11
https://mengwaba.com/trash/kaohsiung/sanmin/10228/,0,1,0%,11
https://mengwaba.com/trash/kaohsiung/sanmin/10231/,0,1,0%,11
https://mengwaba.com/trash/kaohsiung/sanmin/11941/,0,1,0%,11
https://mengwaba.com/trash/kaohsiung/sanmin/14349/,0,1,0%,11
https://mengwaba.com/trash/kaohsiung/xinxing/08402/,0,1,0%,11
https://mengwaba.com/trash/kaohsiung/xinxing/08505/,0,1,0%,11
https://mengwaba.com/trash/kaohsiung/renwu/11474/,0,1,0%,12
https://mengwaba.com/trash/kaohsiung/renwu/11521/,0,1,0%,12
https://mengwaba.com/trash/kaohsiung/renwu/12295/,0,1,0%,12
https://mengwaba.com/trash/kaohsiung/sanmin/12004/,0,1,0%,12
https://mengwaba.com/trash/kaohsiung/sanmin/14021/,0,1,0%,12
https://mengwaba.com/trash/kaohsiung/xiaogang/02301/,0,1,0%,12
https://mengwaba.com/trash/kaohsiung/zuoying/01829/,0,1,0%,12
https://mengwaba.com/trash/kaohsiung/renwu/13130/,0,1,0%,13
https://mengwaba.com/trash/kaohsiung/gangshan/13655/,0,1,0%,14
https://mengwaba.com/trash/kaohsiung/nanzi/07248/,0,1,0%,14
https://mengwaba.com/trash/kaohsiung/sanmin/12000/,0,1,0%,14
https://mengwaba.com/trash/kaohsiung/gushan/18633/,0,1,0%,15
https://mengwaba.com/trash/kaohsiung/renwu/06372/,0,1,0%,15
https://mengwaba.com/trash/kaohsiung/daliao/04630/,0,1,0%,17
https://mengwaba.com/trash/kaohsiung/jiaxian/15478/,0,1,0%,17
https://mengwaba.com/trash/kaohsiung/sanmin/12246/,0,1,0%,20
https://mengwaba.com/trash/kaohsiung/renwu/11649/,0,1,0%,27
https://mengwaba.com/trash/kaohsiung/sanmin/14362/,0,1,0%,27
https://mengwaba.com/trash/kaohsiung/meinong/06777/,0,1,0%,37
https://mengwaba.com/trash/kaohsiung/qiaotou/17852/,0,1,0%,37
https://mengwaba.com/trash/kaohsiung/cijin/17364/,0,1,0%,71